column,count,mean,std,min,25%,50%,75%,max
Value,52.0,47.73076923076923,44.31310848620764,0.0,2.5,37.0,95.0,142.0
