column,count,mean,std,min,25%,50%,75%,max
Value,52.0,42.42307692307692,47.05372238566156,0.0,1.0,10.5,95.0,142.0
