column,count,mean,std,min,25%,50%,75%,max
Value,92.0,25.8195652173913,40.1066277692064,0.0,1.0,2.8,37.0,142.0
