column,count,mean,std,min,25%,50%,75%,max
Value,92.0,28.8195652173913,39.69788169157012,0.0,1.0,7.800000000000001,49.75,142.0
