column,count,mean,std,min,25%,50%,75%,max
Value,17.0,0.329786344393369,0.23892683042180843,-0.1186217052080065,0.1379949050972917,0.3851447935165106,0.5344372896443914,0.6803556401188187
