column,count,mean,std,min,25%,50%,75%,max
Value,20.0,7.469999999999999,1.9339351755314587,4.6,5.575,7.95,8.7,12.0
