column,count,mean,std,min,25%,50%,75%,max
Historical_Trauma_Index,20.0,1.637578961322106e-16,0.6790523584851231,-0.7732335712964521,-0.5397967216913226,-0.23205534987158122,0.34010442531389945,1.4922966570037604
Indicators_Used,20.0,4.0,0.0,4.0,4.0,4.0,4.0,4.0
Constant_Indicators_Dropped,20.0,2.0,0.0,2.0,2.0,2.0,2.0,2.0
