column,count,mean,std,min,25%,50%,75%,max
Mean_Absolute_Rank_Shift,10.0,1.6015384615384616,1.345847584208964,0.0,0.6,1.2,2.675,3.6153846153846154
Max_Absolute_Rank_Shift,10.0,4.6,3.134042472944842,0.0,2.0,4.5,6.75,9.0
Mean_Absolute_Score_Delta,10.0,0.22645175918695865,0.2477835074353611,0.0,0.071777847145663,0.10465021236738553,0.2899807651500852,0.7486929283175059
