column,count,mean,std,min,25%,50%,75%,max
Configured_Weight,6.0,1.1666666666666667,0.20655911179772887,1.0,1.0,1.1,1.275,1.5
Observed_States,6.0,15.333333333333334,3.6147844564602556,13.0,13.0,13.0,18.25,20.0
Missing_States,6.0,4.666666666666667,3.614784456460256,0.0,1.75,7.0,7.0,7.0
Unique_NonNull_Values,6.0,7.166666666666667,6.493586579592719,1.0,1.25,7.0,12.0,15.0
Raw_Min,6.0,7.766666666666667,9.604512828179608,0.0,1.0,2.8,16.15,20.0
Raw_Max,6.0,49.833333333333336,71.51899514581191,1.0,1.0,6.5,109.5,142.0
Raw_Mean,6.0,29.693717948717946,42.081780482999164,0.8461538461538461,1.0,4.234999999999999,64.80980769230769,83.92307692307692
Raw_STD,6.0,10.365283383663746,15.203986820716223,0.0,0.09020030307352749,1.1228840277519128,22.950966303231922,29.972966123239324
