column,count,mean,std,min,25%,50%,75%,max
Mean_Absolute_Rank_Shift,8.0,1.4375,1.1987344517090872,0.0,0.6,1.2,1.875,3.4
Max_Absolute_Rank_Shift,8.0,4.5,3.5456210417116734,0.0,2.0,4.0,5.75,11.0
Mean_Absolute_Score_Delta,8.0,0.30314074057918816,0.34574269033789046,0.0,0.10691977175056014,0.1413965101726933,0.4286686830630383,1.0360642760603773
