column,count,mean,std,min,25%,50%,75%,max
BoardingSchool_Count,13.0,6.832141690000964e-17,1.0408329997330665,-0.9183731608980558,-0.822862352164658,-0.34530830849766897,0.37102275700281456,2.5677713578709644
Environmental_Burden_Index,20.0,5.884182030513329e-16,1.025978352085154,-1.5225732008701929,-1.0053227232226531,0.25464638899571246,0.6525313718015117,2.4032252961470304
Federal_BoardingSchool_Presence,20.0,0.0,0.0,0.0,0.0,0.0,0.0,0.0
Max_BoardingSchool_Duration_Years,13.0,8.540177112501205e-17,1.0408329997330663,-2.132691061012965,-0.3977943615607815,0.36956379396614564,0.46965398816531007,1.937643503086388
Mean_BoardingSchool_Duration_Years,13.0,8.540177112501205e-17,1.0408329997330663,-2.132691061012965,-0.3977943615607815,0.36956379396614564,0.46965398816531007,1.937643503086388
Schools_With_Burial_Site_Flag,13.0,4.2700885562506023e-17,1.0408329997330663,-2.345207879911715,0.42640143271122094,0.42640143271122094,0.42640143271122094,0.42640143271122094
