column,count,mean,std,min,25%,50%,75%,max
Mean_Absolute_Rank_Shift,9.0,1.3777777777777778,1.2142670400057989,0.0,0.6,0.9,1.7,3.6
Max_Absolute_Rank_Shift,9.0,4.111111111111111,2.891558595482912,0.0,2.0,4.0,6.0,9.0
Mean_Absolute_Score_Delta,9.0,0.21963477256644817,0.2618175847370042,0.0,0.071777847145663,0.08960822196583637,0.290706140609596,0.7486929283175059
