column,count,mean,std,min,25%,50%,75%,max
Structural_Exposure_Composite,186.0,0.05724624562020713,0.7658142374610414,-3.634010362307114,-0.3138367925887511,0.1427074245281159,0.5236460726195802,3.616088355673196
Rank,186.0,8.623655913978494,5.123161984966714,1.0,4.0,8.0,13.0,18.0
Primary_Score,193.0,0.00930334929179488,0.6535220865869381,-1.3790410297418936,-0.30239258693240695,0.004152869946428222,0.4085862544162295,1.5065087234745833
Primary_Rank,193.0,8.7720207253886,5.3948127631613145,1.0,4.0,9.0,13.0,18.0
Score_Delta_vs_Primary,186.0,0.04904740355026913,0.4086490139271053,-2.2549693325652207,-0.08154380522873121,0.0,0.12957091007935892,2.1095796321986127
Rank_Shift_vs_Primary,186.0,-0.17204301075268819,2.4411944613529,-9.0,-1.0,0.0,1.0,7.0
