column,count,mean,std,min,25%,50%,75%,max
Historical_Trauma_Index,153.0,0.07242162519117705,0.7558600305357485,-3.6289869042363296,-0.29222747023846624,0.15072433059016568,0.5729680500172303,2.768995746824137
Rank,153.0,8.81045751633987,5.1385432530033155,1.0,4.0,9.0,13.0,18.0
Primary_Score,160.0,0.009619974695393897,0.6566380708137338,-1.4920239793442351,-0.21371652040699715,-0.031076243663927396,0.5474662232148343,1.2706725824976097
Primary_Rank,160.0,8.85,5.310722510629383,1.0,3.75,8.5,13.25,18.0
Score_Delta_vs_Primary,153.0,0.06412989863591509,0.42296927379944976,-2.1369629248920945,-0.09486230709340271,0.0,0.18158223333023238,1.624756712076968
Rank_Shift_vs_Primary,153.0,-0.05228758169934641,2.7284824432399146,-9.0,-1.0,0.0,1.0,8.0
