column,count,mean,std,min,25%,50%,75%,max
Configured_Weight,6.0,1.1666666666666667,0.20655911179772887,1.0,1.0,1.1,1.275,1.5
Observed_States,6.0,20.0,0.0,20.0,20.0,20.0,20.0,20.0
Missing_States,6.0,0.0,0.0,0.0,0.0,0.0,0.0,0.0
Unique_NonNull_Values,6.0,7.5,6.8044103344816,1.0,1.25,7.5,13.0,15.0
Raw_Min,6.0,13.766666666666666,18.8363124487429,0.0,1.0,2.8,29.65,38.0
Raw_Max,6.0,27.5,37.03916845718867,1.0,1.0,6.5,59.25,75.0
Raw_Mean,6.0,20.294999999999998,27.77973631984292,0.3,1.0,4.234999999999999,43.8675,56.0
Raw_STD,6.0,3.9573598286229985,5.2687554340812905,0.0,0.11456439237389598,1.1716122063526497,8.49659217043969,10.700467279516348
