column,count,mean,std,min,25%,50%,75%,max
Historical_Trauma_Index,20.0,0.009619974695393885,0.6715878445631427,-1.4920239793442351,-0.21371652040699707,-0.031076243663927354,0.5474662232148343,1.2706725824976095
Indicators_Used,20.0,2.95,1.4680814547887788,1.0,1.0,4.0,4.0,4.0
Constant_Indicators_Dropped,20.0,2.0,0.0,2.0,2.0,2.0,2.0,2.0
AI_AN_Population,20.0,181442.85,161515.0440632878,33746.0,78067.25,116855.0,226181.25,649862.0
Total_Population,20.0,9389980.9,10409644.813117653,733391.0,2857841.0,5740104.0,10167845.25,39538223.0
AI_AN_Population_Percent,20.0,4.0604106948380245,4.4390587869559655,0.470304208984721,1.3532214272470102,1.9216852718688964,4.950737080458855,15.537823616597422
Mean_Mortality_Disparity_Ratio,13.0,2.4310320634723013,1.80879514842208,0.7486631016042781,1.3468468468468469,1.8786610878661087,2.5271317829457365,7.118181818181818
Mortality_Cause_Count,13.0,1.0,0.0,1.0,1.0,1.0,1.0,1.0
AI_AN_Missing,13.0,34.15384615384615,39.507058765588866,2.0,9.0,15.0,46.0,145.0
