column,count,mean,std,min,25%,50%,75%,max
Year,20.0,2020.0,0.0,2020.0,2020.0,2020.0,2020.0,2020.0
Total_Missing,20.0,1087.5,839.3097101032992,400.0,612.5,800.0,1125.0,3500.0
AI_AN_Missing,20.0,40.2,28.192197502145874,8.0,18.0,29.0,60.0,95.0
AI_AN_Population_Percent,20.0,4.0249999999999995,4.415031143718015,0.5,1.375,1.9,4.7749999999999995,15.5
AI_AN_Percent_Missing,20.0,4.728898046398046,3.6298350177230128,0.9,2.1944444444444446,2.966666666666667,8.125,12.0
Overrepresentation_Ratio,20.0,1.486750461196824,0.40685914761327824,0.5997474747474748,1.3379513390722142,1.594035594035594,1.7358117816091956,2.1951219512195124
