column,count,mean,std,min,25%,50%,75%,max
Year,20.0,2020.0,0.0,2020.0,2020.0,2020.0,2020.0,2020.0
AI_AN_Rate_per_100k,20.0,117.5,22.942720437049996,94.0,99.5,111.0,126.25,170.0
Comparator_Rate_per_100k,20.0,66.6,4.222745427724529,60.0,63.75,66.5,69.25,75.0
Disparity_Ratio,20.0,1.7525701746243603,0.2366586064844507,1.5384615384615385,1.5719945355191256,1.6691542288557213,1.7749183006535947,2.2666666666666666
