column,count,mean,std,min,25%,50%,75%,max
Year,239.0,2020.5439330543934,1.1138711037797822,2019.0,2020.0,2021.0,2022.0,2022.0
AI_AN_Rate_per_100k,239.0,69.60878661087867,53.315382850744875,8.4,35.25,55.1,91.2,334.4
Comparator_Rate_per_100k,239.0,19.9,4.108578850170363,9.7,16.85,19.7,22.7,31.2
Disparity_Ratio,239.0,3.6276119404819127,2.8321473940353066,0.525,1.7153329475105665,2.6434108527131785,4.7519156519156525,17.172774869109947
