column,count,mean,std,min,25%,50%,75%,max
Year,13.0,2020.0,0.0,2020.0,2020.0,2020.0,2020.0,2020.0
AI_AN_Rate_per_100k,13.0,55.01538461538462,38.37322951733074,14.0,30.2,42.4,65.2,156.6
Comparator_Rate_per_100k,13.0,22.93846153846153,2.5536047924252956,18.7,22.0,23.0,23.9,28.2
Disparity_Ratio,13.0,2.4310320634723017,1.80879514842208,0.7486631016042781,1.3468468468468469,1.8786610878661087,2.5271317829457365,7.118181818181818
