column,count,mean,std,min,25%,50%,75%,max
Year,20.0,2020.0,0.0,2020.0,2020.0,2020.0,2020.0,2020.0
AI_AN_Population,20.0,181442.85,161515.0440632878,33746.0,78067.25,116855.0,226181.25,649862.0
Total_Population,20.0,9389980.9,10409644.813117653,733391.0,2857841.0,5740104.0,10167845.25,39538223.0
AI_AN_Population_Percent,20.0,4.0604106948380245,4.4390587869559655,0.470304208984721,1.3532214272470102,1.9216852718688964,4.950737080458855,15.537823616597422
