column,count,mean,std,min,25%,50%,75%,max
State_Count,2.0,10.0,14.142135623730951,0.0,5.0,10.0,15.0,20.0
Mean_AI_AN_Population_Percent,1.0,4.0604106948380245,,4.0604106948380245,4.0604106948380245,4.0604106948380245,4.0604106948380245,4.0604106948380245
Min_AI_AN_Population_Percent,1.0,0.470304208984721,,0.470304208984721,0.470304208984721,0.470304208984721,0.470304208984721,0.470304208984721
Max_AI_AN_Population_Percent,1.0,15.537823616597422,,15.537823616597422,15.537823616597422,15.537823616597422,15.537823616597422,15.537823616597422
