column,count,mean,std,min,25%,50%,75%,max
AI_AN_Population_Percent,20.0,4.0604106948380245,4.4390587869559655,0.470304208984721,1.3532214272470102,1.9216852718688964,4.950737080458855,15.537823616597422
