column,count,mean,std,min,25%,50%,75%,max
Structural_Exposure_Composite,20.0,0.010822471532318061,0.6817824154538049,-1.4400071407905806,-0.29428102261119776,0.06214613076170536,0.4150840467970086,1.5786700971683774
Indicators_Used,20.0,3.6,1.9574419397183715,1.0,1.0,5.0,5.0,5.0
Constant_Indicators_Dropped,20.0,1.0,0.0,1.0,1.0,1.0,1.0,1.0
Historical_Trauma_Index,20.0,0.010822471532318061,0.6817824154538049,-1.4400071407905806,-0.29428102261119776,0.06214613076170536,0.4150840467970086,1.5786700971683774
