column,count,mean,std,min,25%,50%,75%,max
Structural_Exposure_Composite,20.0,0.010330541008121797,0.6678851374137407,-1.3790410297418936,-0.3062073221511883,0.03814559425411941,0.45883120451748666,1.5065087234745833
Indicators_Used,20.0,3.6,1.9574419397183715,1.0,1.0,5.0,5.0,5.0
Constant_Indicators_Dropped,20.0,1.0,0.0,1.0,1.0,1.0,1.0,1.0
Historical_Trauma_Index,20.0,0.010330541008121797,0.6678851374137407,-1.3790410297418936,-0.3062073221511883,0.03814559425411941,0.45883120451748666,1.5065087234745833
